{
  "metadata": {
    "version": "Agent_V2_Optimized",
    "total": 72,
    "timestamp": "2026-04-21 17:30:28"
  },
  "metrics": {
    "avg_score": 4.5,
    "hit_rate": 0.9305555555555556,
    "agreement_rate": 0.7999999999999989
  }
}